song_number,legacy_old_book,legacy_file_no,alternate_search_tags,language,song_name,style,category,tempo,transpose,multipad,date_last_sung,lyrics
1,1,,,E,A friend of mine came to me,,OTH
2,2,,,E,A king is born this day in bethelem,,OTH
3,3,,,E,A mighty fortress is our God,,"P, W",100,5,,15-03-2026
4,4,,,E,A new commandment I give unto you,,OTH
5,5,,,E," A pilgrim was I, and a wand'ring",,OTH
6,,,,E,A thousand times I've failed,,OTH
7,6,,,E,A wonderful Saviour is Jesus my Lord,,P ,105,-7,,16-07-2023
8,7,,,E,"Abba, Father let me be",,W,110,4
9,8,,,E,Abide with me! fast falls the eventide,,OTH,88,-2
10,9,,,E,"Above all powers, above all kings",,LT,63,3,,26-10-2025
11,10,,,E,"Ah Lord God, Thou hast made the heavens",,W,105,-6,,14-09-2025
12,,,,E,All creatures of our God And King,,OTH,,,,15-03-2026
13,11, ,,E,"All hail King Jesus, all hail Emmanuel!",,W,105,-2,,02-08-2026
14,12,,,E,All hail the pow'r of Jesus' name! (Old - New) ,,P,95,-2,,10-05-2026
15,13,,,E,All heaven declares the glory of the risen Lord,,W,90,3,,21-06-2026
16,,,,E,All over the world the Spirit is moving,,OTH
17,14,,,E,All the way my Saviour leads me,,OFF,80,0,,22-06-2025
18,15,,,E,All things bright and beautiful,,OTH,98,5,,04-02-2024
19,16,,,E,All to Jesus I surrender,,LT,80,-3
20,,,,E,Alleluia,,OTH
21,17,,,E,Almighty God my Redeemer,,OTH
22,18,,,E,"Amazing grace, how sweet the sound",,LT,93,-1,,11-01-2026
23,19,,,E,And can it be that I should gain,,LT,62,-1,,10-05-2026
24,,,,E,"Angels, from the realms of glory",,OTH
25,20,,,E,Are you discouraged and are you blue?,,OTH
26,21,,,E,Are you tired of chasing pretty rainbows?,,OTH
27,,,,E,As morning dawns and evenings fades,,OTH
28,22,,,E,As the deer pants for the water,,W,80,-6,,11-08-2024
29,,,,E,As you walk the path you choose,,OTH
30,23,,,E,"Ascribe greathess to our God, the Rock",,W,78,0,,25-05-2025
31,24,,,E,Ask and keep on asking,,OTH
32,25,,,E,"Away in a manger, no crib for a bed",,XMAS
33,26,,,E,Bags of gold can never buy,,OTH
34,27,,,E,"Bayeti, Bayeti Incausi, Bayeti King of kings",,OTH
35,,,,E,"Be bold, be strong",,OTH
36,28,,,E,"Be magnifie, O Lord, You are highly exalted",,W,80,-1
37,29,,,E,Be still And know that I am God,,OTH
38,,,,E,Be still for the presence of the Lord,,OTH
39,30,,,E,"Be Though my Vision, O Lord of my heart",,OFF,97,-2,,28-12-2025
40,31,,,E,Beautiful Lord Wonderful Saviour,,LT,80,1
41,,,,E,Before the day Before the light,,OTH
43,32,,,E,Behold what manner of love the Father has given unto us,,W,76/95,-1
44,33,,,E,Better than the riches of the world,,OTH
45,,,,E,"Bigger than all my problems, Bigger than all my fears",,OTH
46,34,,,E,"Bind us together, Lord",,OFF,110,-2,,05-07-2026
47,35,,,E,"Bless the Lord, O my soul….. AND ALL THAT IS",,W,85,-1
48,,F95,,E,"Bless the Lord, O my soul, O OOO MY SOUL",,"P, W",71,-2,,04-08-2024
49,36,,,E,"Blessed assurance, Jesus is mine!",,P,115,-6,,17-05-2026
50,37,,,E,Blessed be the Name of the Lord…MOST HIGH,,W,110,-3
51,,,,E,Blessed be the rock of my salvation,,OTH
52,,F65,,E,Blessed Be Your Name,,"P, W",115,4
53,38,,,E,"Blessing and honour, glory and power",,W,90,6,,22-03-2026
54,,,,E,Blind man sat by the road and he cried,,OTH
55,39,,,E,"Break, Thou the Bread of Life, dear Lord, to me",,LT,100,-5
56,40,,,E,"Breath on me, Breath of God",,OFF,,,,25-01-2026
57,41,,,E,"Cast your burdens onto Jesus, for He cares for you",,OTH
58,42,,,E,"Cause me to Thy river, O Lord",,OTH
59,43,,,E,"Clebrate Jesus, celebrate!",,W,125,-5
60,44,,,E,"Change my heart, Oh God, Make it ever true",,OTH
61,45,,,E,Christ is the Lord of the smallest atom,,OTH
62,-,,,E,Christ the Lord is risen today: Hallelujah!,,P,92,4,,31-03-2024
63,46,,,E,"Clap your hands, all ye people",,OTH
64,47,,,E,Come and go with me to my Father's house,,OTH
65,48,,,E,"Come and praise the Lord our King, Hallelujah",,P,95,5,,19-07-2026
66,50,,,E,Come let us worship and bow down,,W,125,-3,,15-03-2026
67,51,,,E,"Come, now is the time to worship",,W,96,-3
68,52,,,E,Come on and celebrate,,W,120,1
69,53,,,E,"Come they told me, pa rum pum pum pum ",,OTH
70,49,,,E,Come bless the Lord,,P,122,-3,,27-10-2024
71,54,,,E,Come thou fount of ev'ry blessing,,P,79,-6,,16-02-2025
72,55,,,E,"Create in me a cleane heart, O God",,OTH
73,56,,,E,Crown Him with many crowns,,P,89,-5,,02-08-2026
74,57,,,E,"Day by day, and with each passing moment",,OFF,85/80,-3,,07-12-2025
75,58,,,E,Days are filled with sorrow and care,,OTH
76,60,,,E,Dip Dip Dee Dee-3 Dee Dee Dee,,OTH
77,,,,E,Do you not know? Have you not heard?,,OTH
78,,,,E,Does Jesus care when my heart is pained,,OTH
79,,,,E,Don’t let my love grow cold,,OTH
80,61,,,E,Don't you know it's time to praise the Lord,,W,95,-2
81,62,,,E,"Don't you know, O christian",,OTH
82,63,,,E,"Down at Your feet, O Lord, is the most high place",,OTH
83,64,,,E,Down in in the valley with my Saviour I would go,,OFF,80,0,,02-11-2025
84,65,,,E,Down the mountain the river flows,,OTH
85,66,,,E,"Draw me clode to you, never let me go",,OTH
86,67,,,E,El Shaddai- 2,,"P, W",110,0,,27-08-2023
87,68,,,E,"Emmanuel, Emmanuel",,OTH
88,,,,E,Even though I walk through the valley ,,OTH
89,,,,E,Every move I make I make in You,,OTH
90,69,,,E,Everybody likes to take a holiday,,OTH
91,,,,E,"Everyone needs compassion, a love that's never failing",,OTH
92,70,,,E,Fairest Lord Jesus! Ruler of all nature,,P,88,-3,,17-09-2023
93,,,,E,Fairest of all the earth beside,,P,127,2,,06-07-2025
94,,F66,,E,"Faithful One, so unchanging",,W,83,-4,,06-04-2025
95,,,,E,Father Abraham had many sons,,OTH
96,71,,,E,"Father God, I wonder",,"W, OFF",80,-4
97,72,,,E,"Father in heaven, how we love You",,"P, W",120,5,,05-07-2026
98,73,,,E,"Father, I adore You",,W
99,74,,,E,"Father, I place into Your hands the things I cannot do",,OFF,110,0
100,75,,,E,"Father, we love you",,OTH
101,,F9,,E,"Fear not, I am with thee",,OFF,53,3
102,76,,,E,Feliz navidad,,OTH
103,,,,E,"Fill Thou my life, O Lord my God",,OTH
104,77,,,E,For I'm building a people of power,,OFF,100,6,,03-03-2024
105,78,,,E,"For me to live is Christ, to die is gain",,OFF,70,-1,,25-01-2026
106,79,,,E,For the beauty of the earth,,P,87,0,,17-05-2026
107,80,,,E,"For Thou, O Lord",,W,100,-3
108,,,,E,"Friends of sinners, Lord of truth",,OTH
109,82,,,E,"From heav'n You came, helpless Babe",,"LT, OTH",80,-3,,12-10-2025
110,83,,,E,From the ends of the earth,,P,140,-2,,26-07-2026
111,,,,E,From the highest of heights to the depths of the sea,,OTH
112,84,,,E,From the rising of the sun,,OTH
113,,,,E,"Give me oil in my lamp, keep me burning",,OFF,100,-5
114,,,,E,Give thanks to the Lord,,OTH
115,,,,E,Give thanks with a greatful heart,,"W, OFF",90,0,,19-07-2026
116,86,,,E,"Glory, glory in the highest",,W,105,2
117,87,,,E,"Glory, glory Lord, We give You glory Lord",,OTH
118,88,,,E,"Glory, Jesus, Glory",,OTH
119,89,,,E,"Go, tell it on the mountain ",,XMAS,110,-1
120,90,,,E,God be with you till we meet again!,,OTH
121,91,,,E,"God has spoken to His people, Alleluia!",,OFF,110,-1,,01-12-2024
122,92,,,E,"God is good, all the time!",,"P, W",100,-6,,09-03-2025
123,93,,,E,"God is good, we sing and shout it",,"P, W",100,-4
124,94,F116,,E,"God sent His Son, they called Him Jesus",,LT,110,0,,07-01-2024
125,95,,,E,"God will make a way, where there seems to be no way",,OFF,105,1
126,96,,,E,God's love is so wonderful,,W,95,0
127,,F13,,E,Great is the darkness that covers the earth ,,OFF,78,-1
128,98,,,E,Great is the Lord and greatly to be praised ,,OTH
129,99,,,E,"Great is Thy faithfulness, O God my Father",,"P, W",90,-5,,04-01-2026
130,,,,E,Greatest day in history,,OTH
131,100,,,E,"Guide me, O Thou great Jehovah",,OFF,80,0,,11-05-2025
132,101,,,E,"Ha la la la la la Allelujah, Ha la la la la Allelujah",,OTH
133,102,,,E,"Hail Jesus, You're my King!",,OFF
134,103,,,E,Happiness is to know the Saviour,,OFF
135,104,,,E,Hark! The herelds angels sing,,XMAS,95,-2,,24-12-2023
136,105,,,E,"Have thine own way, Lord",,LT,97,9,,09-02-2025
137,106,,,E,Have you been to Jesus for the cleansing pow'r?,,LT,95,0,,13-03-2022
138,,,,E,Have you ever wondered if there could be,,OTH
139,,,,E,Have you heard of the One called Saviour?,,OTH
140,107,,,E,Have you wondered along on life's pathway,,OTH
141,108,,,E,Have Your way,,OTH
142,,,,E,"He became sin, Who knew no sin",,OTH
143,109,,,E,He brought me into His banqueting house,,OFF,110,-1
144,,,,E,He giveth more grace as our burdens grow greater,,OTH,,,,16-02-2025
145,110,,,E,He is exalted,,"P, W",130,-1,,15-03-2026
146,111,,,E,He is Lord! He is Lord!,,W,75,0
147,,,,E,He is the Lord and He reigns on high He is Lord,,OTH
148,112,,,E,He leadeth me! O blessed thought,,OFF,90,5,,21-12-2025
149,114,,,E,He walked where I walked,,W,95,-6,,11-01-2026
150,115,,,E,He was there when earth was hurl'd in space,,OTH
151,116,,,E,He's changing me,,OTH
152,117,,,E,He's got the whole wide world in His hands -4,,OTH
153,118,,,E,He's still working on me,,"W, OFF",100,-4,,30-11-2025
154,,,,E,He's the One who makes the sun shine,,OTH
155,119,,,E,He's turned my mourning into dancing again,,W
156,120,,,E,Heaven is a wonderful place,,OTH
157,121,,,E,"Heavenly Father, I appriciate You",,W,100,3
158,,,,E,Here I am humbled by Your Majesty,,OTH
159,,,,E,Here we are gather once again under Your Name,,OTH
160,,,,E,Here we are lifting our hands to You,,OTH
161,,,,E,"Here, before Your throne",,OTH
162,122,,,E,"Hey, do you love Jesus?",,OTH
163,,,,E,Hide me now,,OTH
164,123,,,E,"Higher than the stars, Deeper than the sea",,OTH
165,124,,,E,His name is higher than any other,,OTH
166,125,,,E,"His name is Wonderful, His name is Wonderful",,P,100,-2,,19-07-2026
167,126,,,E,"Holiness, holiness, is what I long for",,OTH
168,129,,,E,"Holy Spirit, Thou art welcome in this place -2",,OTH
169,,,,E,Holy Words long preserved,,OFF,75,0,,25-05-2025
170,127,,,E,"Holy, holy, holy, holy",,P,72,-6,,11-02-2024
171,128,,,E,"Holy, holy, holy! Lord God Almighty!",,P,97,-5,,05-07-2026
172,130,,,E,"Hosanna, hossana, hossana in the highest -2",,P,106,-1,,24-03-2024
173,,,,E,How deep the Father's love for us,,"P, LT",95,-2,,20-07-2025
174,,,,E,"How do you explain, how do you describe",,OTH
175,131,,,E,How good is the God we adore!,,OTH
176,132,,,E,"How I love Thy Law, O Lord!",,OTH
177,133,,,E,How long has it been since you talked with the Lord,,OTH
178,,,,E,How lovely is your dwelling place,,OTH
179,134,,,E,How lovely on the mountains,,OFF,107,4
180,135,,,E,Humble thyself in the sight of the Lord,,OFF,78,-4
181,,,,E,"Hungry, I come to you",,OTH
182,,,,E,I am a new creation,,OTH
183,,,,E,I am not skilled to understand,,OTH
184,136,,,E,I am standing beneath Your wings,,OTH
185,137,,,E,I am the light of the world,,OTH
186,138,,,E,"I am Thine, O Lord, I have heard Thy voice",,LT,83,-2,,08-06-2025
187,139,,,E,I am weak but Thou art strong,,OFF,85,3,,03-09-2023
188,,,,E,I can only imagine,,OTH
189,140,,,E,I cannot come to the banquet,,OFF,90,-1
191,,,,E,I come before You today,,"P, W",95,0,,20-03-2022
192,142,,,E,I come to the garden alone,,OFF,0,100
193,144,F22,,E,I don’t know about tomorrow,,OFF,75,-8,,05-05-2024
194,,,,E,I have lived a life of sin in this world,,OTH
195,,,,E,I have decided,,OTH
196,147,,,E,"I have seen, seen the downfall of Satan",,OTH
197,,,,E,I hear a young child crying,,OTH
198,148,,,E,I just want to be where You are,,"W, OFF",110,0
199,149,,,E,I keep trying to find a life,,OTH
200,150,,,E,I know He rescued my soul,,OTH
201,,,,E,I lay my life down at Your feet,,OTH
202,151,,,E,I lift my eyes up,,OTH
203,152,,,E,I love the thrill that I feel,,OTH
204,153,,,E,I love to tell the story,,OFF,90,-1,,06-10-2024
205,154,,,E,"I love You Lord, and I lift up my voice",,W,82,0
206,,,,E,I may not be every mother's dream for her little girl,,OTH
207,155,,,E,I need Thee ev'ry hour,,OFF,80,-1,,15-09-2024
208,,,,E,I planted a little rose bush,,OTH
209,,,,E,"I reach up high, I touch the ground",,OTH
210,156,,,E,I was wasting time,,OTH
211,157,,,E,I will call upon the Lord,,W,88,-6,,16-06-2024
212,158,,,E,"I will celebrate, sing unto the Lord",,W,80,-6
213,159,,,E,"I will dance, I will sing to be mad for my King",,OTH
214,160,,,E,I will enter His gates with thanks giving in my heart,,W,95,-3
215,,,,E,"I will give, You all my worship",,OTH
216,,,,E,I will rejoice,,OTH
217,161,,,E,I will sing of the mercies of the Lord forever,,W,90,-5,,31-12-2021
218,162,,,E,"I will sing praise to God my King, I will sing praise",,OTH
219,163,,,E,I'd rather have Jesus than silver or gold,,OFF,,,,13-10-2024
220,164,,,E,I'll just keep trusting my Lord,,W,107,0,,16-11-2025
221,,,,E,I'm finding myself at a loss for words,,OTH
222,,,,E,"I'm forgiven, because You were forsaken",,OTH
223,166,,,E,"I'm gonna thank the Lord, He set me free -2",,OTH
224,167,,,E,I'm happy today-2 ,,OTH
225,,,,E,I'm kind of homesick for a country,,OTH
226,168,,,E,I'm not ashamed to own my Lord,,LT,93,-5,,17-05-2026
227,169,,,E,I'm only a human - I'm just a woman / man,,OTH
228,170,,,E,I'm pressing on the upward way,,OFF,85,0,,04-08-2024
229,,,,E,I'm so secure,,OTH
230,171,,,E,I'm trading on my sorrows,,OTH
231,,,,E,I've been here before,,OTH
232,172,,,E,"I've foun a Friend in Jesus, He's ev'rything to me",,P ,88,-2
233,146,,,E,I've got a home in Glory Land that outshines the sun -3,,OFF,95,O
234,173,,,E,I've got a river of life flowing out of me,,OTH
235,,,,E,If I could have One Desire,,OTH
236,174,,,E,"If I tried to live for You, Lord, today",,OTH
237,175,,,E,"If I were a butterfly, I'd thank You ",,OTH
238,176,,,E,If you want to be great in God's kingdom -2,,OTH
239,177,,,E,"Immortal, invisible, God only wise",,P,92,0,,31-05-2026
240,,,,E,In Christ alone my hope is found,,"P, LT",130,-2,,28-12-2025
241,178,,,E,"In God's green pastures feeding, by His cool waters lie",,OFF,124,-4,,23-02-2025
242,180,,,E,"In His time, in His time",,OFF,103,-4,,22-12-2024
243,181,,,E,"In moments like these, I sing out a song",,W,97,4
244,182,,,E,In my heart there rings a melody,,OTH
245,,,,E,"In our hearts Lord, in this nation; Awakening",,OTH
246,183,,,E,In tenderness He sought me,,LT,80,0,,26-07-2026
247,184,,,E,In the name of Jesus -2,,W,110,-2
248,,,,E,In the secret of His presence,,OTH
249,185,,,E,"In the secret, in the quiet place",,OTH
250,186,,,E,In the stars His handiwork I see,,OTH
251,187,,,E,In this world of despair and distress,,OTH
252,188,,,E,"In your presence, that's where I am strong",,OTH
253,189,,,E,"Into my heart, into my heart",,OTH
254,190,,,E,Into Thy presence we come,,OTH
255,,,,E,Is this one for the people?,,OTH
256,,,,E,It is such fun to see,,OTH
257,191,,,E,It only takes a spark to get a fire going,,OFF,95,-3
258,192,,,E,It's a great thing to praise the Lord -3,,W
259,193,,,E,"It's me, it's me, O lord",,OTH
260,194,,,E,"It's no longer I that liveth, but Christ that liveth in me -2",,OTH,105,0
261,,F113,,E,It's not just about the manger,,XMAS,79,-5
262,195,,,E,It's the happiest of places over there,,OTH
263,196,,,E,It's Your blood that cleanses me,,LT,83,4,,14-06-2026
264,,,,E,"I've got the joy, joy, joy, joy",,OTH
265,197,,,E,"Jehovah Jireh, my Provider",,W,110,4,,22-06-2025
266,0,,,E,Jesus at the centre of it all,,OTH,,,,19-01-2025
267,198,,,E,Jesus bids us shine,,OFF
268,,F74,,E,"Jesus Christ, I think upon Your sacrifice",,LT,80,-1,,02-08-2026
269,199,,,E,Jesus comanded us something to do,,OTH
270,200,,,E,Jesus got  heaps of lambs (echo),,OTH
271,201,,,E,Jesus is all the world to me,,"W, OFF",140,0
272,202,,,E,Jesus is tenderly calling thee home,,OTH
273,,,,E,"Jesus is the answer, for the world today",,OTH
274,204,,,E,"Jesus, keep me neer the cross",,LT,110,-1,,21-06-2026
275,205,,,E,"Jesus loves me , this I know",,OTH
276,207,,,E,Jesus never fails -4,,OTH
277,208,,,E,"Jesus put a song in my heat, He turned my life around",,OTH
278,209,,,E,Jesus put a song into my heart -2,,OTH
279,210,,,E,Jesus shall reign where'er the sun ,,P,75,7,,22-03-2026
280,211,,,E,"Jesus, stand among us",,OTH
281,212,,,E,Jesus the very thought of Thee,,P,105,0
282,216,F31,,E,"Jesus, what a wonder You are",,OTH
283,,,,E,"Jesus, be the centre",,OTH
284,,,,E,"Jesus, Beautiful Saviour",,OTH
285,,,,E,"Jesus, I stand for You",,OTH
286,213,,,E,"Jesus, Jesus, Holy and Anointed One, Jesus",,OTH
287,214,,,E,"Jesus, lover of my soul",,OTH
288,206,,,E,"Jesus, Name above all names",,W,65,-3,,12-07-2026
289,,,,E,"Jesus, Thou Joy of loving hearts",,OTH
290,215,,,E,"Jesus, we enthrone You",,W,75,0
291,217,,,E,"Jesus, You're my firm foundation ",,P,95,-2,,27-04-2025
292,218,,,E,"Jesus, You're the sweetest Name of all",,W,110,-6
293,219,,,E,Joy is the flag on the castle of my heart -3,,OFF
294,220,,,E,Joy to the world! the Lord is come,,XMAS,83,5,,17-12-2023
295,,F32,,E,"Joyful, joyful, we adore Thee",,P,87,0,,14-06-2026
296,221,,,E,Jubilate everybody ,,W,96,-6
297,222,,,E,Just as I am - without one plea ,,LT,88,-5,,12-07-2026
298,223,,,E,Just Like You,,OTH
299,224,,,E,"Kadosh, Kadosh, Kadosh",,OTH
300,,,,E,King of all the universe,,OTH
301,225,,,E,King of kings and Lord of lords,,W,100,-4
302,226,,,E,Late one night I heard a knock at the door,,OTH
303,227,,,E,Lead me to some soul today,,OTH
305,,,,E,Let me be a shadow of Your light,,OTH
306,228,,,E,Let the beauty of Jesus be seen in me,,OTH,,,,30-03-2025
307,229,,,E,Let the heavens rejoice,,W
308,230,,,E,"Let the weak say, I am strong",,OTH
309,231,,,E,Let there be love shared among us,,OFF,,,,05-07-2026
310,232,,,E,Let us all together -2,,OTH
311,233,,,E,"Light of the World, You steped down into darkness",,"P, W",75,-3,,19-11-2023
312,235,,,E,Like the women at the well,,OTH
313,236,,,E,Long time ago in Bethlehem,,XMAS,100,3
314,237,,,E,Lord I come before Your throne of grace,,"P, W",110,5,,03-08-2025
315,238,,,E,"Lord I come to You, let my heart be changed, renewed",,LT,83,1
316,239,,,E,Lord I lift Your name on high,,W,83,2
317,240,,,E,"Lord, I offer my life to You",,OTH
318,,,,E,Lord I stand in the midst of a multitude,,P,80,2,,03-05-2026
319,,,,E,Lord I'm tired,,OTH
320,241,,,E,"Lord, make me an instrument",,OFF,100,-2
321,,,,E,Lord of all creation,,OTH
322,242,,,E,"Lord, prepare me to be a sanctuary",,OTH,68,-4
323,243,,,E,"Lord, the light of Your love is shining",,OTH,93,2
324,244,,,E,"Lord, You are more precious than silver",,W,85,-3
326,245,,,E,"Lord, Your glory fills my heart",,OTH
327,246,,,E,"Love, love, love, love",,OTH
328,247,,,E,Loved with everlasting love,,OTH
329,248,,,E,"Majesty, worship His majesty",,W,103,0,,05-07-2026
330,249,,,E,"Make me a captive, Lord",,OTH
331,250,,,E,Make me a channel of Your peace,,OFF,89,-5,,24-05-2026
332,251,,,E,Make my life to be like a melody,,OTH
333,252,,,E,Making melody in Your heart -3,,W,100,-3
334,253,,,E,May our homes be filled with dancing,,OTH
335,254,,,E,Meekness and Majesty,,LT,95,-6,,31-05-2026
336,255,,,E,"Mercy is falling, is falling, is falling",,OTH
337,256,,,E,"Mighty is our God, mighty is our King",,W,105,3
338,257,,,E,Mine eyes have seen the glory of the coming of the Lord,,OTH
340,259,,,E,"More love,  more power, more of You in my life",,W,90,-4
341,260,,,E,My faith looks up to Thee,,LT,80,-5,,09-11-2025
342,261,,,E,"My father, I adore You more",,OTH
343,262,,,E,My glory and the Lifter of my head -2,,OTH
344,263,,,E,"My God, how wonderful Thou art",,OTH
345,264,,,E,My hearts burning for that day,,OTH
346,265,,,E,My Heavenly Father wants me to be like Him -2,,OTH
347,266,,,E,My hope is built on nothing less,,LT,88,-2,,12-07-2026
348,267,,,E,"My Jesus, I love Thee, I know Thou art mine!",,LT,77,-3,,03-05-2026
349,268,,,E,"My Jesus, my Saviour",,"P, W",83,4,,12-09-2021
350,269,,,E,"My life is in You Lord, my strength is in You Lord",,W,83,1
351,,,,E,My Lord what love is this?,,"W, LT",70,-6,,31-05-2026
352,,,,E,Nobody stood and applauded them,,OTH
353,270,,,E,Now unto the King eternal unto the reigning king,,W,92,-1
354,271,F138,,E,"O come, all ye faithful",,OTH
355,272,,,E,"O come, O come, Emmanuel",,P,90,5,,24-12-2023
356,273,,,E,"O glory to God, He has lifted me up",,W,90,4,,23-06-2024
357,,,,E,"O God, our help in ages past",,P,80,4,,07-06-2026
358,274,,,E,O God You are my God,,OTH
359,275,,,E,O happy day that fixed my choice,,LT,110,-2    
361,277,,,E,O Lord my God! When I in awesome wonder,,"P, LT",98,3,,05-07-2026
362,,,,E,"O Lord, the clouds are gathering ",,OTH
363,278,,,E,"O lord, Your tendereness",,OTH
364,,,,E,"O Master, let me walk with Thee",,OTH
366,280,,,E,"O, the deep, deep love of Jesus",,W,67,-5,,30-03-2025
367,281,,,E,O worship the King All-glorious above,,"P, W",107,-1,,01-03-2026
368,282,,,E,"O Zion, haste, your mission high fulfilling",,OTH
369,283,,,E,Oh for a heart to praise my God,,OTH
370,284,,,E,Oh let the Son of God upheld you,,OTH
371,285,,,E,Oh Lord Our Lord how majestic Thy Name is,,OTH
372,286,,,E,Oh magnify the Lord with me,,OTH
373,,,,E,Oh what a glorious God,,OTH
374,287,,,E,"Oh what a wonderful, wonderful day",,"LT, GF",115,-3,,14-06-2026
375,288,,,E,On a hill far away stood an old ruged cross,,LT,85,3,,20-04-2025
376,,,,E,On this day of happiness,,OTH
377,289,F103,,E,One day when Heaven was filled with His praises,,"LT, GF",79,4,,26-10-2025
378,290,,,E,One Lord the Sovereign we have,,OTH
379,291,,,E,One talent have I ,,OTH
380,,,,E,One thing we ask of You,,OTH
381,292,,,E,"Onward, Christian families",,OFF,,,,10-05-2026
382,,,,E,"Onward, Christian soldiers, marching as to war",,OFF,100,-4
383,293,,,E,"Open our eyes, Lord",,OTH
384,294,,,E,"Open the eyes of my heart, Lord",,OTH
385,,,,E,Our God is a great big God -3,,OTH
608,295,,,E,Our God is an awesome God,,W,75,-3,,14-03-2021
386,296,,,E,Our God is lifted up midst the shouts of joy ,,OTH
387,,,,E,Our god will reign forever,,OTH
388,297,,,E,"Our heart, our desire",,OTH
389,,,,E,Out in the highways and byways of life,,OTH
390,298,FF144,,E,"Out of my bondage, sorrow and night",,OTH
391,,,,E,Over all the earth,,P,93,2
392,299,,,E,"Over and over, like a mighty sea",,W
393,,,,E,Over the mountains and the sea,,OTH
394,300,,,E,Packing up the dreams God planted,,OTH
395,301,,,E,Pages filled with a holy Message,,OTH
396,302,,,E,"Pass me not, O gentle Saviour",,OTH,,,,06-04-2024
397,303,,,E,Peter and John went to pray,,OTH
398,304,,,E,Praise Him! Praise Him!,,W
399,305,,,E,"Praise Him! Praise Him! Jesus, our blessed Redeemer!",,P,73,0,,26-07-2026
400,306,,,E,"Praise my soul, the King of Heaven",,P,90,7,,19-04-2026
401,307,,,E,Praise the name of Jesus -2,,W,95,-3
402,308,,,E,Praise You Lord -4,,OTH
403,309,,,E,"Purify my heart, let me be as gold and precious silver",,OTH,87,-2
404,310,,,E,Put your hands in the hands of the man Who stilled the waters,,OTH
405,311,,,E,Red is the colour of the blood that flowed,,OTH
406,,F48,,E,Rejoice for the steps,,OTH,118,-2
407,312,,,E,Rejoice in the Lord always,,OTH
408,313,,,E,"Rescue the perishing, care for the dying",,OFF,80,-9,,17-09-2023
409,314,,,E,"Rightiousness, peace, and joy in the Holy Ghost -2",,OTH,110,5
410,315,,,E,Rise and shine and give God the glory glory -3,,OTH
411,316,,,E,"Rock of Ages, cleft for me",,LT,78/80,-4 / 0,,22-03-2026
412,,,,E,Romans 16:19 says!,,OTH
413,317,,,E,Running over -2,,OTH
414,318,,,E,"Safe am I, safe am I, in the hollow of His hands",,OTH
415,319,,,E,Salvation belongs to our God ,,W,85,2,,31-05-2026
416,,,,E,"Saviour, like a shepherd lead us ",,OFF,87,-4,,01-02-2026
417,320,,,E,"Search me, O God, and know my heart today",,OTH
418,321,,,E,See Him lying on a bed of straw,,XMAS
419,322,,,E,Seek ye first the Kingdom of God and His rightiousness,,OTH,,,,04-06-2023
420,,,,E,Send Your power,,OTH
421,323,,,E,"Shepherd of my soul, I give You full control",,W,63,-1,,31-05-2026
422,324,,,E,Shout for joy and sing your praises to the King,,W,110,-3,,22-02-2026
423,325,,,E,Sing Hallelujah to the Lord -2,,P,80,2
424,326,,,E,Sing them over again to me,,OFF,130,-1,,22-09-2024
425,327,,,E,Sing unto the Lord a new song -2,,OTH
426,328,,,E,So send I you - to labour unrewarded,,OTH
427,,,,E,Softly and tenderly Jesus is calling,,OTH
428,329,,,E,"Some folks may ask me, some folks may say",,OTH
429,330,,,E,"Some glad morning when this life is o'er, I’ll fly away",,OFF,80,0
430,331,,,E,Somebody touched me,,OTH
431,332,,,E,"Something beautiful, something good",,W,105,-2
432,333,,,E,"Sometimes Hallelujah, sometimes praise the Lord",,OTH
433,334,,,E,Sometimes the night seems to go on for days,,OTH
434,335,,,E,Soon and very soon we are goin' to see the King -3,,W,76,-1
435,,,,E,"Sowing in the morning, sowing seeds of kindness",,OFF,97,2,,29-06-2025
436,336,,,E,"Spirit of the living God, fall afreah on me!  -2",,OTH
437,337,,,E,"Stand up, stand up for Jesus",,OFF,98,0
438,338,,,E,Standing on the promises of Christ my King,,OFF,100,2,,15-09-2024
439,339,,,E,Stop and let me tell you,,OTH
440,,,,E,Strength will rise as we wait upon the Lord,,OTH
441,,F108,,E,"Strong and mighty, strong to save us",,W,75,6,,30-03-2025
442,340,,,E,Sweep over my soul -2,,OTH,,,,05-09-2021
443,341,,,E,"Sweet hour of prayer, sweet hour of prayer!",,OTH,110,-2.5,,10-11-2024
444,342,,,E,Take me past the outer court,,OTH
445,343,,,E,"Take my life, and let it be",,OFF,98,-2,,15-02-2026
446,344,,,E,Take time to be holy,,OTH
447,345,,,E,Take up your cross and follow Me,,OTH
448,346,,,E,"Teach me Thy way, O Lord, teach me Thy way",,OTH
449,347,,,E,"Tell me the old, old story ",,OTH
450,348,,,E,Tell me the Story of Jesus,,OTH
451,349,,,E,"Tell out, my soul, the greatness of the Lord",,"P, W",63/115,6,,25-01-2026
452,350,,,E,Ten unclean and nowhere to go,,OTH
453,351,,,E,"Thank You for the croooo-oss..... Lord, thank you for the price",,"LT, GF",71,2,,06-04-2024
454,353,,,E,"Thank You Jesus, thank You Jesus",,"W, LT",110,-4,,14-06-2026
455,352,,,E,"Thank You God, for yet another day",,OTH
456,354,,,E,In heavenly armour (The battle belongs to the Lord),,W,100,5,,15-03-2026
457,355,,,E,The best book to raed is the Bible -2,,OTH
458,,,,E,The B-I-B-L-E,,OTH
459,356,,,E,The chimes of time ring out the news,,OTH
460,357,,,E,The Church's one foundation ,,OFF,90,4,,16-02-2025
461,,,,E,"The Father has a plan, though it's hard to see it now",,OTH
462,358,,,E, The greatest thing in all my life is knowing You -2,,OTH
463,359,,,E,The joy of the Lord is my strength -4,,W,85,-4,,11-12-2022
464,360,,,E,The King of love my Shepherd is,,OTH
465,361,,,E,The law of the Lord is perfect converting the soul,,OFF,110,-4,,03-05-2026
466,,,,E,The lights are flashing and the music blazing,,OTH
467,362,,,E,"The Lord is my tower, He gives me the power",,OTH
468,363,,,E,"The Lord reigneth, the Lord reigneth",,OTH
469,364,,,E,The Lord reigns -3,,OTH
470,365,,,E,"The Lord's my Shepherd, I'll not want",,P,95,9
471,,,,E,The love of God is greater far,,"P, W",85,-6,,25-08-2024
472,,,,E,The Nazarene had come to live the life of every man,,OTH
473,,,,E,"The splendour of our King, clothed in majesty",,OTH
474,366,,,E,The steadfast love of the Lord never ceases,,W,80,-2,,21-06-2026
475,,,,E,The sun cannot compare to the glory of Your love,,OTH
477,367,,,E,The wind is beginning to blow,,OTH
478,368,,,E,The windows of heaven are open ,,OTH
479,370,,,E,These are things that look attractive on the surface ,,OTH
480,369,,,E,There is a candle in every soul,,OTH
481,371,,,E,There is a fountain filled with blood,,LT,85,3,,19-04-2026
482,372,,,E,There is a place of quiet rest,,OFF,95,-4,,08-06-2025
483,373,,,E,There is a Redeemer,,LT,90,-4,,25-01-2026
484,374,,,E,There is a way that leads to life,,OTH
485,375,,,E,There is no condemnation to them in Christ Jesus,,OTH
486,376,,,E,"There is no rock, there is no god like our God",,OTH
487,,,,E,This is no time for fear,,OTH
488,377,,,E,There is none like You,,W,83,2,,14-03-2021
489,,F81,,E,There must be more than this,,OTH,80,0
490,378,,,E,There shall be showers of blessing,,OFF,125,2
491,379,,,E,There's a calling ringing o'er the restless wave,,OTH
492,380,,,E,"There's a feeling in the air, that God is everywhere",,OTH
493,381,,,E,"There's a fight to be fought, and a race to be won ",,OTH
494,382,,,E,There's a land that is fairer than day,,OFF,85,-1,,18-08-2024
495,383,,,E,There's no greater name than Jesus,,OTH
496,,,,E,There's no question of Your greatness,,OTH
497,384,,,E,Therefore the redeemer of the Lord shall return ,,OTH
498,385,,,E,These are the days of Elijah,,OFF,96,1
499,386,,,E,Thine be the glory,,P,103,-4,,05-04-2026
500,,,,E,"This is my desire, to honor You",,W,90,-2
501,387,,,E,This is my Father's world,,OFF,90,-5,,31-05-2026
502,,,,E,This is my prayer to You,,OTH
503,,,,E,This is the air I breathe,,OTH
504,,,,E,This is the day ,,OTH
505,388,,,E,This is the day -2,,OTH
506,389,,,E,This little light of mine,,OFF
507,390,,,E,"Thou art worthy, Thou art worthy",,W,100,3,,26-07-2026
508,391,,,E,Thou didst leave Thy throne and Thy kingly crown,,OTH
509,392,,,E,Thou hast turned my mourning into dancing for me,,OTH
510,393,,,E,Though the fig tree does not blossom,,OTH
511,394,,,E,Thy loving kindness is better than life -2,,W,129,-4,,17-03-2024
512,,F53,,E,Thy Word is a lamp unto my feet,,W,75,0,,02-02-2025
513,,,,E,Time after time You've been left behind,,OTH
514,395,,,E,Tis so sweet to trust in Jesus,,OFF,86,-1,,01-03-2026
515,396,,,E,To God be the glory! Great things He hath done,,P,100,1,,12-10-2025
516,,,,E,Tomorrow morning if you wake up,,OTH
517,397,,,E,Trust in the Lord and don't despair,,OTH
518,398,,,E,Turn your ear,,OTH
519,,,,E,Turn your eyes upon Jesus,,W,105,5
520,,,,E,Twelve men went to spy on Canaan,,OTH
521,399,,,E,"Unto Thee, O Lord, do I lift up my soul -2",,OTH
522,400,,,E,Untold millions are still untold,,OTH
523,401,,,E,"Walking with Jesus, walking every day",,OTH
524,81,,,E,Wap shubi Wap Shubi,,OTH
525,,,,E,Waters You turned into wine,,OTH
526,402,,,E,We are gathered together unto Him,,W,82,-1
527,,,,E,We are marching in the light of God -4,,OTH
528,,,,E,"We are one in the Spirit, we are One in the Lord -2",,OTH
529,403,,,E,We believe in God the Father ,,W,98,-6
530,,,,E,We fall down,,OTH
531,404,,,E,"We have a great, big, wonderful God -2",,W,110,4
532,405,,,E,We have come into His house,,W,95,-5
533,406,,,E,We have heard the joyful sound,,OTH
534,411,,,E,We shall overcome -2,,OTH
535,,,,E,We stand and lift up our hands ,,OTH
536,412,F110,,E,We three kings of Orient are,,OTH
537,413,,,E,We want to see Jesus lifted high,,OTH
538,,,,E,We will seek Your face Almighty God,,OTH
539,,,,E,"We will sing, sing, sing",,OTH
540,407,,,E,We'll not be defeated -2,,OTH
541,408,,,E,We'll walk the land with hearts on fire,,OTH
542,409,,,E,We're here to bless Your name,,P,104,-1,,17-05-2026
543,,,,E,We're looking to Your promise of old,,OTH
544,410,,,E,We've a story to tell to the nations ,,OTH
545,,,,E,We've got something so good,,OTH
546,414,,,E,"What a fellowship, what a joy divine",,"P, OFF",95,-1,,10-11-2024
547,415,,,E,What a Friend we have in Jesus,,OFF,105,-1,,10-05-2026
548,,,,E,What a mighty God we serve,,W,110,-5
549,416,,,E,"What can I give, what can I bring",,OTH
550,417,,,E,What can wash away my sins?,,LT,95,-4,,31-05-2026
551,,,,E,What to say Lord it's,,OTH
552,419,,,E,"When He calls me, I will answer -3",,OTH
553,420,,,E,When He rolls up His sleeves,,OTH
554,421,,,E,When I look into Your holiness,,W,83,4,,02-05-2021
555,422,,,E,When I survey the wondrous Cross,,LT,90,5,,19-04-2026
556,,,,E,When I wander through the desert,,OTH
557,423,,,E,When my way grows drear,,OFF,88,0
558,424,,,E,When peace like a river attendeth my way,,OFF,90,-7,,12-07-2026
559,425,,,E,"When the morning breaks, and when I awake",,OTH
560,426,,,E,"When the music fades, and all is stripped away",,W,80,8
561,427,,,E,When the Spirit of the Lord moves in my heart,,OTH
562,,,,E,When the trumpet of the Lord shall sound ,,OTH
563,428,,,E,When upon life's billow you are tempest tost,,OFF,90,-3
564,429,,,E,When we walk with the Lord,,OFF,95,-4,,22-03-2026
565,,,,E,When you're up against a wall,,OTH
566,430,,,E,Whisper a prayer in the morning,,OTH
567,,,,E,Who am I that You are mindful of me,,OTH
568,,F83,,E,"Who am I, that the Lord in all the earth ",,"W, LT, OFF, GF",118,0,,04-06-2023
569,,,,E,Who is like Him,,W,92,-4,,14-12-2025
570,,,,E,Who is like the Lord?,,OTH
571,431,,,E,"Who is the King of the jungle? (Who, Who)",,OTH
572,,,,E,"Who, oh Lord, could save themselves",,OTH
573,432,,,E,Why do you let the burdens of tomorrow,,OTH
574,,,,E,Why should I fear man,,OTH
575,,,,E,"Wide, wide as the ocean, high as the Heavens above",,OTH
576,433,,,E,With my hands lifted up,,W
577,434,,,E,Without Him I can do nothing,,OTH
578,435,,,E,Wonderful and marvellous is Jesus to me,,W,98,-1
579,436,,,E,Wonderful merciful Saviour ,,"W, LT",105,6,,27-04-2025
580,,,,E,Wonderful so wonderful is Your unfailing love,,OTH
581,,,,E,Worthy is the Lamb who was slain ,,OTH
582,437,,,E,Would you be free from the burden of sin?,,"LT, GF",90,0
583,438,,,E,"Yeild not to temptation, for yeilding is sin",,OFF,65,0,,28-01-2024
584,439,,,E,You are beautiful beyond description,,W,82,2,,02-05-2021
585,440,,,E,"You are exalted Lord, above all else",,OTH
586,441,,,E,You are filled with compassion and mercy and grace,,"P, W",80,-1,,19-06-2022
587,442,,,E,You are God of heaven and God of the earth,,OTH
588,,,,E,"You are good, You are good",,OTH
589,443,,,E,You are holy (You are holy),,OTH
590,444,,,E,You are Lord of creation and Lord of my life,,"P, W",110,7,,20-10-2024
591,445,,,E,"You are mighty, You are holy",,OTH
592,446,,,E,You are my hiding place,,W,75,0,,12-01-2025
593,447,,,E,You are my Strength when I am weak,,W,108,-2,,26-12-2021
594,,,,E,You have longed for sweet peace,,OTH
595,,,,E,You have my heart ,,OTH
596,448,,,E,"You laid aside Your Majesty, gave up everything for me",,"LT, GF",97,1,,12-01-2025
597,,,,E,You turned away when I looked you in the eye,,OTH
598,,,,E,You who made the mountains and the sea,,OTH
599,,,,E,You're the God of this City,,OTH
600,450,,,E,Your deep deep love washes over me,,OTH
601,,,,E,Your eye is on the sparrow,,OTH
602,,,,E,Your love is amazing,,OTH
603,449,,,E,Your amazing grace gave me life,,OTH
604,,,,E,"Suvarna Jayanthi, Suvarna Jayanti",,OTH
605,,,,E,Portruvoam Thiriyega Devanai,,OTH
606,,,,E,1. Sthuthiyinchi - poojinthumu,,OTH
607,,,,E,You are Master of all creation,,P ,117,1,,14-06-2026
F1,,,,E,Ascribe to the Lord,,W,90,2,,31-08-2025
F2,,,,E,At your feet we fall,,W,68,1
F3,,,,E,Be free in the will of God,,OFF,110,0
F4,,,,E,Blessed be the Name of the Lord he is worthy,,OTH
F5,,,,E,Call on the Lord,,OTH
F6,,,,E,Come and see,,OTH,,5
F8,,,,E,Father of life draw me closer,,OTH,,-1
F10,,,,E,Forward through the ages,,OTH
F11,,,,E,God forgave my sin,,OFF,,-3
F12,,,,E,God is so good..HE'S SO GOOD TO ME,,OTH,,-2
F14,,,,E,Hallelu Hallelu,,OTH,,0
F15,,,,E,He came to earth,,LT,80,-2,,29-03-2026
F16,,,,E,He has shown thee,,OTH
F17,,,,E,He was pierced for our,,LT,70,-2,,29-03-2026
F19,,,,E,How wonderful how glourious,,W,107,-4
F20,,,,E,I'm rejoicing night and day,,OFF,80,0,,07-07-2024
F21,,,,E,I believe in God the Father,,OTH,105,4
F23,,,,E,I just want to praise you,,OTH,85
F24,,,,E,I Lift my hands,,W,75,-2
F25,,,,E,In the Lord alone,,OTH
F26,,,,E,Isn't He,,OTH
F27,,,,E,It's not by might,,OTH
F28,,,,E,I want to be oiut of my depth,,OTH,95,0
F29,,,,E,I will seek your face,,W,113,-1
F30,,,,E,I'm accepted,,W,80,6
F31,216,,282,E,Jesus how lovely you are,,W,115,-4
F33,,,F150,E,King of my life,,OTH,93,-4
F34,,,,E,Lead kindly light,,OFF,95,-2
F35,,,,E,Let us draw near to God,,LT,100,-4
F36,,,,E,Let your living water flow,,OTH,70,7
F37,,,,E,My song shall be of Jesus,,OTH
F38,,,,E,Nothing shall sepatrate us ,,OFF,77,-1,,25-09-2022
F39,,,,E,"Now unto the King eternal, unto the king immortal",,W,110,4
F40,,,,E,"O God of burning, cleansing flame",,OTH,100,-7
F41,,,,E,O heaven is in my heart,,OTH
F42,,,360,E,O how I love Jesus ,,W,125,-2
F43,,,,E,O Lord our God how,,P,105,-1,,14-06-2026
F44,,,,E,Only by grace,,W,90,-6
F45,,,,E,Overwhelmed by love,,W,112,-1
F46,,,,E,Power from on high,,OTH,76
F47,,,,E,Raise Him on the trumpet,,OTH
F49,,,,E,Show me your ways,,OTH,110,4
F50,,,,E,Sing with all the saints in glory,,OTH,95,-2
F51,,,,E,Tell me the tales that to me,,OTH
F52,,,,E,"Thank you foorrrrr the cross, the price you paid for us",,LT,76,2,,01-03-2026
F54,,,,E,This land Is your land,,OTH,80,0
F55,,,,E,This world is not my home,,OFF,65,-1
F56,,,,E,To the river,,OTH,110,-2
F57,,,,E,We are here to praise you,,W,92,-4
F58,,,,E,WE are your people,,OTH
F59,,,,E,We bring sacrifice of praise,,W,100,-3,,13-07-2025
F60,,,,E,We come into your presence,,P,105,-3,,03-05-2026
F61,,,,E,Welcome king of kings,,OTH,95,0
F62,,,,E,When you prayed every prayer,,OTH
F63,,,F90,E,You are my refuge,,"P, W",80,5,,22-09-2024
F64,,,,E,You said you'd come and share,,OTH
F67,,,,E,Father your love is a,,P,90,-2,,28-09-2025
F68,,,,E,He is able,,OTH,70,-6
F69,,,,E,I can feel you,,OTH,93,0
F70,,,,E,I cry out for your hand,,OTH,130,1
F71,,,,E,I hear the Saviour say,,LT,86,-4,,18-01-2026
F72,,,,E,"I stand amazed, when I realise ",,W,75,-6,,18-05-2025
F73,,,,E,I the Lord of sea and sky,,OFF,80,0
F75,,,,E,Jesus draw me close,,OTH
F76,,,304,E,"Let everything that, everything that",,OTH
F77,,,,E,May the God of hope,,OTH,73,-2
F78,,,,E,Men of faith rise up,,OTH,145,-1
F79,,,,E,I sing a simple song,,OTH,75,-1
F80,,,,E,There is a higher,,W,83,-1
F82,,,568,E,We see the Lord,,OTH
F84,,,,E,Wonderful are your works,,OTH
F85,,,,E,Yahweh  Yahweh,,OTH,85,-2
F86,,,,E,Oh Lord you’ve searched me,,LT,75,-3,,05-05-2024
F87,,,,E,Let no one caught in sin remain,,"LT, GF",85,-5,,05-04-2026
F88,,,,E,How beautiful the hands that served,,OTH,90,-3
F89,,,,E,Precious corner stone,,OTH,112,-4,,29-09-2024
F91,,,,E,Nearer my God to thee,,OFF,80,0
F92,,,,E,Lord I see thy right to rule,,OFF,135,-1,,09-11-2025
F93,,,,E,May the mind of Christ,,OFF,85,-4 OR -3,,25-05-2025
F94,,,,E,There's a quite understanding,,OFF,105,-2,,01-12-2024
F96,,,,E,Let my walk speak loud,,P,110,-3
F97,,,325,E,Lord you seem so far away,,OFF,65,-2
F98,,,,E,As I walk on this journey towards,,OFF,66,-6,,02-07-2023
F99,,,,E,Lord I have made thy word my choice,,OFF,100,-7,,13-04-2025
F100,,,,E,Oh how love I thy law,,OFF,83,-3
F101,,,,E,Man of sorrows Lamb of God,,"P, GF",72,-5,,21-12-2025
F102,,,365,E,"O perfect Love, all human thought transcending",,OTH,80,-5
F104,,,,E,From everlasting to everlasting,,P,70,0,,07-06-2026
F105,,,,E,Christ is my reward,,OFF,85,-1
F106,,,,E,I know not why,,OFF,90,-5,,17-05-2026
F107,,,,E,O Jesus I have promised,,OFF,91,-2,,03-05-2026
F109,,,F7,E,Day after day,,P,90,-7
F111,,,,E,Once in royal David's city ,,XMAS,93,-1
F112,,,,E,While shephards watched their flocks by night,,XMAS,100,-3
F114,,,,E,Good Christian men rejoice ,,XMAS,75,-2
F115,,,,E,God rest ye merry gentlemen ,,XMAS,70,2
F116,94,,124,E,"God sent His Son - LT",,OTH,,,,07-01-2024
F117,,,,E,Christmas isn't Christmas ,,XMAS,105,6
F118,,,,E,We wish you a merry Christmas ,,XMAS,130,12
F119,,,,E,Praise ye the Lord the all mighty,,P,100,-2,,12-04-2026
F120,,,,E,Jingle bells redeemed- O the world is lost,,XMAS,86,-1
F121,,,,E,Here is love vast as the ocean,,"LT, GF",75,0,,14-12-2025
F122,,,,E,The mystery of the cross,,"LT, GF",70,4,,26-04-2026
F123,,,F18,E,Holy Spirit faithful guide,,P,105,-1,,17-11-2024
F124,,,,E,I stand amased in the presence of Jesus,,P,95,0,,26-04-2026
F125,,,42,E,Before the throne of God,,"LT, GF",73,-5,,08-02-2026
F126,,,,E,You hear me (whom shall I fear),,"W, OFF",75,2,,15-06-2025
F127,,,,E,All I have because of Jesus ( I will boast),,W,75,-1,,11-08-2024
F128,,,,E,The love that Jesus had for me,,W,95/90,-1,,17-07-2022
F129,258,,339,E,More about Jesus I would know,,OFF,140,0,,23-03-2025
F130,,,,E,Christ has for sin atonement made (What a wonderful Saviour),,W,105,6,,29-03-2026
F131,,,,E,All I once held dear (Knowing you Jesus),,OFF,105,-5,,28-06-2026
F132,,,190,E,I cannot tell why,,"W, LT",110,-6,,04-02-2024
F133,,,,E,Oh the God of the heavens and God of the earth,,XMAS,86,-1,,25-12-2022
F134,,,,E,Je…sus was born in Bethle….hem,,XMAS,95,0
F135,,,,E,Silent night holy night ,,XMAS,100,3
F136,,,,E,Everybody ought to know ,,OTH
F137,,,,E,Man of sorrows what a name (new),,LT,90,0,,28-06-2026
F138,,,354,E,O come all ye faithful (modified),,XMAS,100,I,,17-12-2023
F139,,,,E,O sacred head now wounded,,LT,70,-3,,03-05-2026
F140,,,,E,There are moments on our journey ( Bow the knee),,OFF,75,-4,,12-01-2025
F141,-,,476,E,The voice that breathed o'er Eden,,MARIG,95,4
F142,,,,E,We will trust  God's word alone,,OFF,80,-4,,13-04-2025
F143,,,,E,Beneath the cross ,,LT,80,-2,,05-07-2026
F144,,,390,E,"Out of my bondage, sorrow",,OFF,125,0,,12-01-2025
F145,,,,E,Behold the lamb who bears,,LT,75,-5,,18-01-2026
F146,,,,E,Come praise and glorify,,P,65,4,,24-05-2026
F147,,,,E,O to see the dawn,,LT,110,-5,,08-03-2026
F148,,,,E,Facing a task unfinished,,P,,,,25-02-2024
F149,,,,E,I've seen the lightning,,OTH
F150,,,F33,E,King of my life I crown thee,,LT,93,-3,,07-06-2026
F151,,,,E,When I fear my faith will fail (He will hold me fast),,OTH,110,-10,,01-03-2026
F152,,,,E,My worth is not in,,W,,,,24-05-2026
F153,,,,E,O Lord my rock and my Redeemer,,"P, W",68,-3,,28-06-2026
F154,,,,E,"Who can cheer the heart like Jesus
 (All that thrills)",,OFF,93,2,,30-07-2023
F155,,,,E,I will sing of my redeemer,,W,130,-3,,02-08-2026
F156,,,,E,"We praise thee O Lord,                  
( Revive us again)",,P,110,-2,,06-12-2020
F157,,,,E,"What gift of grace             
(Yet not i but through Christ)",,"P, W",72,-4,,01-02-2026
F158,,,,E,"I was sinking deep in sin
(Love lifted me)",,OFF,150,2,,02-08-2026
F159,,,,E,Up Calvary's mountain one dreadful morn,,LT,130,-4,,19-07-2026
F160,,,,E,There is a green hill far away,,LT,95,-5,,26-04-2026
F161,,,,E,Hear our prayer,,OFF,85,9,,12-04-2026
F162,,,,E,You're the word of God the Father,,P,155,-5,,26-04-2026
F163,,,,E,What love could remember,,LT,120,-2,,24-05-2026
F164,,,,E,How great the chasm,,P,80,-7,,01-02-2026
F165,,,,E,I can always call you Father (Promises),,P,83,-8,,08-02-2026
F166,,,,E,Speak O Lord,,OTH,112,-6,,19-01-2025
F167,,,,E,The grace of God has reached (The Lord is my salvation),,P,75,-7,,12-04-2026
F168,,,,E,When the enemy Surrounds,,P,150,0,,12-04-2026
F169,,,,E,You slept beneath the stars you numbered,,P,80,-2,,07-06-2026
F170,,,,E,Your grace that leads this sinner home,,LT,95,-5,,15-02-2026
F171,,,,E,In days of peace and days of rest,,W,94,-9,,28-12-2025
F172,,,,E,Down the via dolarosa,,XMAS,69,3
F173,,,,E,How vast the everlasting love of God,,W,71,-4,,21-12-2025
F174,,,,E,My heart is filled with thankfulness,,W,85,-6,,21-06-2026
F175,,,,E,Oh the depths of the riches,,P,80,-7,,25-01-2026
F176,,,,E,Sovereign Ruler of the skies,,OFF,75,-6,,12-04-2026
F177,,,,E,There is one Gospel ,,W,52/140,-5,,08-06-2025
F178,,,,E,Though the nations rage,,W,90,-5,,08-03-2026
F179,,,,E,"What love, my God",,W,75,-5,,07-12-2025
F180,,,,E,Your Word alone is solid ground,,W,165,1,,16-02-2025
F181,,,,E,The heavens declare your glory (Ps 19),,OTH
F182,,,,E,What is our hope in life and death,,W,,,,04-05-2025
F183,,,,E,You have called us out of darkness (May the peoples praise you),,W,107,7,,12-04-2026
F184,,,,E,Who has held the oceans in his hands,,P,,,,12-04-2026
F185,,,,E,"Christ the true and better adam, ",,"P ,  LT",75,10,,21-06-2026
F186,,,,E,"Grace unmeasured vast and free, ",,W,133,-5,,05-04-2026
F187,,,,E,I have seen my Father’s glory (His glory and my good ),,OFF,67,-1,,26-07-2026
F188,,,,E,My god is slow to anger when I go astray…(Bless the Lord),,"P , W",79,7,,21-06-2026
F189,,,,E,O great God of highest heaven Occupy my lowly heart,,OFF,75,-7,,28-06-2026
F190,,,,E,O let not this world of sorrows (God of every grace),,OFF,73,5,,19-07-2026
F191,,,,E,"What wonder of wonders, what love (All my boast is in Jesus)",,"W ,  OFF",150,0,,15-02-2026
F192,,,,E,When my heart was cold and lifeless  (All things),,"P , W",72,9,,12-04-2026
F193,,,,E,When this life of trials tests my faith… (I set my hope),,"W ,  OTH",73,4,,08-03-2026
F194,,,,E,You have been faithful to a (Thousand generations…),,P,85,1,,28-06-2026
F195,,,,E,On a starlit hillside,,XMAS,,,,24-12-2023
F196,,,,E,Have you heard (A Saviour has been born),,XMAS,,,,24-12-2023
F197,,,,E,The Prophet told us  (Season of hope),,XMAS
F198,,,,E,X Mas medley 1,,XMAS
F199,,,,E,X Mas medley 2,,XMAS
F200,,,,E,A couple came to Bethlehem,,XMAS
F201,,,,E,We rest on Thee,,OTH,,,,15-02-2026
F202,,,,E,O church arise and put your armour,,OTH
F203,,,,E,Sing the wondorous love of Jesus,,OTH,,,,24-12-2023
F204,,,,E,Come thou long expected Jesus,,OTH,,,,24-12-2023
F205,,,,E,Another day is dawning,,OTH,,,,31-12-2025
F206,,,,E,Prepare our hearts (Show us Christ),,OTH,,,,02-03-2025
F207,,,,E,What is the truth that ever anchors me (But for the cross of Christ),,LT,80,-4,,07-06-2026
F208,,,,E,"Approach, my soul the mercy seat",,"P ,  LT",60,-1,,03-05-2026
F209,,,,E,"Christ our wisdom, we are humbled ",,OTH,75,-6,,12-04-2026
F210,,,,E,"Hold me saviour, lest I wander",,OTH,60,-3,,14-06-2026
F211,,,,E,How firm a foundation,,"P ,  OTH",77,-2,,05-10-2025
F212,,,,E,When the path that i feared (In the valley),," W ,  OTH",80,-7,,19-04-2026
F213,,,,E,Who else commands all the hosts (Only a Holy God),,P,146,-2,,12-07-2026
F214,,,,E,O most high king of the ages (Christus Victor -Amen),,P,78,0,,21-06-2026
F215,,,,E,You made the starry hosts (Praise the Lord (Ps 150),,P,75,-1,,03-05-2026
F216,,,,E,God is faithful to his word (He will be),,W,73,-6,,31-12-2025
F217,,,,E,I have a friend (He calls me friend) ,,W,83,0,,15-02-2026
F218,,,,E,Out of the depths I cry to you (I will wait for you (Ps 130),,W,72,-5,,28-09-2025
H1,,,,H,Keyah hey tere gavah he,,OFF,95,-10
H2,,,,H,Hei dhuniya ke lo..ghon,,P,110,-4,,01-03-2026
H3,,,,H,Barpoor Jeevan Tere liya,,"P, GF",130/114,2
H4,,,,H,Yeh dhara aasma,,P,90,-3,,19-04-2026
H5,,,,H,Karte hai teri hum stuthi,,"P, W",86,12,,08-12-2024
H6,,,,H,Pahadon ki taraf,,"P, W",95,-2,,07-06-2026
H7,,,,H,Aak aagh har dil may,,OFF,104,1,,24-11-2024
H8,,,,H,Halleluiah Stuthi Gayaem hum,,"P, W, GF",112,-4,,17-05-2026
H9,,,,H,Yehova yeere,,"P, W",80,-5,,22-09-2024
H10,,,,H,Aey jeevan ke rahi,,W,140,-6
H11,,,,H,Jo krusupe kurba,,"LT, GF",95,-1,,02-08-2026
H12,,,,H,Ho teri Stuthi,,P,80,4,,01-02-2026
H13,,,,H,Sena o Ka Yehovah,,"P, W",105,-6,,14-07-2024
H14,,,,H,Aadi aur ant tu,,"P, GF",103,0,,11-01-2026
H15,,,,H,Yehowa charwaha,,W,98,0,,29-06-2025
H16,,,,H,Hey Surguya Pitha (Aaradhana),,W,80,-3,,16-01-2022
H17,,,,H,Neele aasman ke paar jayenge,,OFF,95,-4,,04-05-2025
H18,,,,H,Raohani,,OFF,130,-7
H19,,,,H,Aaya Mashi dhuniya,,XMAS,126,-4
H20,,,,H,Yeshu Masih,,W,80,0,,09-11-2025
H21,,,,H,Mukthi dilaye yeshu naam,,XMAS,112,-4,,25-12-2022
H22,,,,H,Yesu ne apuna khoon,,"LT, GF",135,-2,,26-04-2026
H23,,,,H,Dhanyawad ke saath,,"P, W",75,5,,24-05-2026
H24,,,,H,Karta hu main Teri chinta,,OFF,100,-4,,05-04-2026
H25,,,,H,Aaj Ka din Yehowa ,,OFF,100,6,,18-01-2026
H26,,,,H,Vandana karte hain hum,,P,120,2,,02-07-2023
H27,,,,H,Yesu hai meri pannah,,W,120,-2,,12-07-2026
H28,,,,H,Dekho sansar mein,,XMAS,110,-5
H29,,,,H,Milkar Hum sanna Teri Gaate,,OFF,105,-3,,03-08-2025
H30,,,,H,Vishwas Yogya Mere Prabhu,,P,130,-4,,28-09-2025
H31,,,,H,Prem ki paripoorntha,,LT ,80,-1,,22-03-2026
H32,,,,H,Ishwar Pita Ne,,LT,123,-5,,26-07-2026
H33,,,,H,Tujhsa is jahan mein aur (Aaradha Teri Aaradhana ),,W,74,6,,23-11-2025
H34,,,,H,Baawafa Hei Yeshu Mera,,W,108,-2,,27-07-2025
H35,,,,H,Dhanya Dhanya Yeshu Naam,,P,123,1,,29-03-2026
H36,,,,H,Gaunga Mein Tere He Geeth,,W,93,-3,,13-07-2025
H37,,,,H,Mere Kudawand Ho Dhanyawad,,P,118,-2,,19-07-2026
H38,,,,H,"Aisa gotha khor nahi, jo naa…..",,P,105,-3,,06-07-2025,,,,,,,,,,,,,,,,,,,,,,,,,,,,,,,,,,,,,,,,,,,,,,,,,,,,,,,,,,,,,,,,,,,,,,,,,,,,,,,,,,,,,,,,,,,,,,,,,,,,,,,,,,,,,,,,,,,,,,,,,,,,,,,,,,,,,,,,,,,,,,,,,,,,,,,,,,,,,,,,,,,,,,,,,,,,,,,,,,,,,,,,,,,,,,,,,,,,,,,,,,,,,,,,,,,,,,,,,,,,,,,,,,,,,,,,,,,,,,,,,,,,,,,,,,,,,,,⓿,⓿,⓿
H39,,,,H,Bhajne Ke Liye Sirje Gaye Hum…,,W,100,-2,,26-10-2025
H40,,,,H,"Har pal jo hame chalta, us khuda ki ham mahima kare….",,W,95,6,,31-12-2025
H41,,,,H,"Ishwaron ka Parmeshwar hai tu, ",,P,112,2,,07-09-2025
H42,,,,H,"Prabhu mai tere pass, fir aata hoon ek baar…(Meri panah)",,W,79,-3,,08-02-2026
H43,,,,H,Bethlehem mein chamka sitara,,XMAS
H44,,,,H,Charni mein dekho ,,XMAS
H45,,,,H,Sunlo mere bhaiyon,,XMAS
H46,,,,H,Sa’re Jahan ka jo sha-en-shah   (Massi aaya),,XMAS
H47,,,,H,Maut ko har kar zindha hua,,"GF, EST"
H48,,,,H,Prabhu mai khudko (Tu Hi Yogya hai),,P,127,0,,05-10-2025
H49,,,,H,Mera yeshu,,W ,90,-3,,24-08-2025
H50,,,,H,Yehovah mera chattan (Yahowa mera bal),,P,89,1,,14-12-2025
H51,,,,H,Sarv acchaiyon ko,,OTH,78,-3,,31-12-2025
H52,,,,H,Mere gunaaho ko dho diya,,LT,116,8,,05-07-2026
H53,,,,H,Door ek taara,,XMAS
H54,,,,H,Bethlehem ke ,,XMAS
O1,,,,O,Ennil adanga,,"P, W",118,2
T1,,,,T,Neevu cheeesena upakara mulakai,,W,90,-6,,27-04-2025
T2,,,,T,Neevunte naaku chaalu Yesayya,,"P, OFF",90,-3,,26-10-2025
T3,,,,T,Nee prema Nee karuna,,"P, W",118,-5,,17-11-2024
T4,,,,T,Premenchidin adhigamuga,,"P, W",92,-4,,11-08-2024
T5,,,,T,Parisuddha parishudda,,OTH
T6,,,,T,Vivaaahamainnadi pavitramainadi,,OTH,98,-2
T7,,,,T,Sudhinam sarva janaluku,,"P, XMAS",110,1
T8,,,,T,Deevudu lokamunu entho,,"P, XMAS",103,-2
T9,,,,T,Shresta maina naamam,,"P, W",115,-2,,25-01-2026
T10,,,,T,Preminchaavu nannu,,"P, W, GF",95,-4,,11-01-2026
T11,,,,T,Naa jeevam naa sarvam,,"P, W",110,-8,,30-03-2025
T12,,,,T,Enduko nannin thaga,,"P, W, LT",100,3,,05-04-2026
T13,,,,T,Yese naa parihari,,OFF,96,-4,,07-06-2026
T14,,,,T,Naa priyamaina Yesu Prabhu,,W,125,-6,,26-07-2026
T15,,,T22,T,Hallelujah paadeda,,"P, W",95,-5,,09-03-2025
T16,,,,T,Naa prana piriyadu,,W,80,2,,29-09-2024
T17,,,,T,Oogincha leni,,W,110,1,,19-04-2026
T18,,,,T,Ruchi choochi,,P,100,-5,,04-08-2024
T19,,,,T,Neevae Naa jeevamu ,,W,82,5,,13-08-2023
T20,,,,T,Oohala kanda nidi  nee,,"W, GF",105,-6,,29-06-2025
T21,,,,T,Najareyudu Naa yesaiya,,P,97,0,,14-06-2026
T23,,,,T,Kreesthe sarvadhikari,,P,132,-4,,15-03-2026
T24,,,,T,O Yesu nee prema,,"P, W",95,6,,27-07-2025
T25,,,,T,Nadipinchu nanava,,OFF,110,-2,,01-06-2025
T26,,,,T,Padeda Deva nee krupalan,,"P, W",57,2,,22-03-2026
T27,,,,T,Sthuthiyu mahima ghanatha Neeke,,P,93,-3,,14-09-2025
T28,,,,T,Bhasilenu siluvalo,,LT,96,-2,,19-07-2026
T29,,,,T,Sthutu incheda neenama,,P,89,-2,,12-04-2026
T30,,,,T,Yehova nee krupathishaymulu,,P,100,4,,17-05-2026
T31,,,,T,Devude Nakaashrayambu,,P,150,-3,,18-01-2026
T32,,,,T,Devuni Stuthiyinchudi,,W,102,-2,,31-08-2025
T33,,,,T,Sashwathaminadhi,,P,96,-4,,04-01-2026
T34,,,,T,Yehova Nee Naamamu,,"P, W",140,-4,,10-05-2026
T35,,,,T,Aanandam Neelone,,W,82,2,,12-07-2026
T36,,,,T,Aayane Naa Sangeethamu,,P,102,1,,22-02-2026
T37,,,,T,Yehova Na Kaapari,,W,135,-1,,26-04-2026
T38,,,,T,Ascharyamaina prema,,"W ,  P",92,3,,15-02-2026
T39,,,,T,Aanadhi devudu,,P,105,2,,26-07-2026
T40,,,,T,Gathakaalamantha nee needalona,,W ,126,-3,,14-12-2025
T41,,,,T,Neetho samamevaru,,W ,98,-3
T42,,,,T,Nee vaakyamae,,W,125,-1,,02-08-2026
T43,,,,T,Kaalam Sampoorna maina (Idi aasharyame),,XMAS
T44,,,,T,Christmas subhavelalo,,XMAS
T45,,,,T,Sthothram stuthi sthothram,,P,90,-1,,01-02-2026
T46,,,,T,Neelove Aandham,,W,95,-9
T47,,,,T,Nee krupa leni kshanamu,,W,91,1,,05-07-2026
T48,,,,T,Bhayamu ledhu  (YAHWEH Neeve naa Daivam),,"W , OTH",128,2,,29-03-2026
T49,,,,T,Sumadura swaramula,,"P , OTH",97,-4,,12-10-2025
T50,,,,T,Yesu jananam sarvalokaniki shubhadinam,,XMAS
